cycle,timestamp,api_status,e2e_status,latency,http_status,error
1,2026-10-10T06:30:33Z,PASS,PASS,0.25520992279052734,200,
2,2026-10-10T06:30:34Z,PASS,PASS,0.0752873420715332,200,
3,2026-10-10T06:30:34Z,PASS,PASS,0.07084250450134277,200,
4,2026-10-10T06:30:34Z,PASS,PASS,0.047949790954589844,200,
5,2026-10-10T06:30:34Z,PASS,PASS,0.06876754760742188,200,
6,2026-10-10T06:30:34Z,PASS,PASS,0.08319783210754395,200,
7,2026-10-10T06:30:34Z,PASS,PASS,0.07023477554321289,200,
8,2026-10-10T06:30:34Z,PASS,PASS,0.052533864974975586,200,
9,2026-10-10T06:30:34Z,PASS,PASS,0.046301841735839844,200,
10,2026-10-10T06:30:34Z,PASS,PASS,0.04534649848937988,200,
11,2026-10-10T06:30:34Z,PASS,PASS,0.06624269485473633,200,
12,2026-10-10T06:30:34Z,PASS,PASS,0.09963655471801758,200,
13,2026-10-10T06:30:34Z,PASS,PASS,0.06824707984924316,200,
14,2026-10-10T06:30:34Z,PASS,PASS,0.06969690322875977,200,
15,2026-10-10T06:30:34Z,PASS,PASS,0.06839513778686523,200,
16,2026-10-10T06:30:35Z,PASS,PASS,0.06928801536560059,200,
17,2026-10-10T06:30:35Z,PASS,PASS,0.0767667293548584,200,
18,2026-10-10T06:30:35Z,PASS,PASS,0.0643320083618164,200,
19,2026-10-10T06:30:35Z,PASS,PASS,0.07064461708068848,200,
20,2026-10-10T06:30:35Z,PASS,PASS,0.07732963562011719,200,
21,2026-10-10T06:30:35Z,PASS,PASS,0.08126330375671387,200,
22,2026-10-10T06:30:35Z,PASS,PASS,0.06359100341796875,200,
23,2026-10-10T06:30:35Z,PASS,PASS,0.08285212516784668,200,
24,2026-10-10T06:30:35Z,PASS,PASS,0.06641602516174316,200,
25,2026-10-10T06:30:35Z,PASS,PASS,0.05741477012634277,200,
26,2026-10-10T06:30:35Z,PASS,PASS,0.0511929988861084,200,
27,2026-10-10T06:30:35Z,PASS,PASS,0.08128237724304199,200,
28,2026-10-10T06:30:35Z,PASS,PASS,0.059636831283569336,200,
29,2026-10-10T06:30:35Z,PASS,PASS,0.0563809871673584,200,
30,2026-10-10T06:30:35Z,PASS,PASS,0.08622860908508301,200,
31,2026-10-10T06:30:36Z,PASS,PASS,0.057723283767700195,200,
32,2026-10-10T06:30:36Z,PASS,PASS,0.07580256462097168,200,
33,2026-10-10T06:30:36Z,PASS,PASS,0.0715322494506836,200,
34,2026-10-10T06:30:36Z,PASS,PASS,0.07411336898803711,200,
35,2026-10-10T06:30:36Z,PASS,PASS,0.06601309776306152,200,
36,2026-10-10T06:30:36Z,PASS,PASS,0.05476260185241699,200,
37,2026-10-10T06:30:36Z,PASS,PASS,0.0810694694519043,200,
38,2026-10-10T06:30:36Z,PASS,PASS,0.07054829597473145,200,
39,2026-10-10T06:30:36Z,PASS,PASS,0.0862894058227539,200,
40,2026-10-10T06:30:36Z,PASS,PASS,0.09123420715332031,200,
41,2026-10-10T06:30:36Z,PASS,PASS,0.0843038558959961,200,
42,2026-10-10T06:30:36Z,PASS,PASS,0.08598542213439941,200,
43,2026-10-10T06:30:36Z,PASS,PASS,0.09174323081970215,200,
44,2026-10-10T06:30:37Z,PASS,PASS,0.07306599617004395,200,
45,2026-10-10T06:30:37Z,PASS,PASS,0.06225991249084473,200,
46,2026-10-10T06:30:37Z,PASS,PASS,0.06150245666503906,200,
47,2026-10-10T06:30:37Z,PASS,PASS,0.06230640411376953,200,
48,2026-10-10T06:30:37Z,PASS,PASS,0.07153654098510742,200,
49,2026-10-10T06:30:37Z,PASS,PASS,0.08753347396850586,200,
50,2026-10-10T06:30:37Z,PASS,PASS,0.07092618942260742,200,
51,2026-10-10T06:30:37Z,PASS,PASS,0.07071948051452637,200,
52,2026-10-10T06:30:37Z,PASS,PASS,0.06676316261291504,200,
53,2026-10-10T06:30:37Z,PASS,PASS,0.0736699104309082,200,
54,2026-10-10T06:30:37Z,PASS,PASS,0.09523320198059082,200,
55,2026-10-10T06:30:37Z,PASS,PASS,0.06402277946472168,200,
56,2026-10-10T06:30:37Z,PASS,PASS,0.08126378059387207,200,
57,2026-10-10T06:30:38Z,PASS,PASS,0.08539509773254395,200,
58,2026-10-10T06:30:38Z,PASS,PASS,0.06346940994262695,200,
59,2026-10-10T06:30:38Z,PASS,PASS,0.09533071517944336,200,
60,2026-10-10T06:30:38Z,PASS,PASS,0.06360006332397461,200,
61,2026-10-10T06:30:38Z,PASS,PASS,0.05869126319885254,200,
62,2026-10-10T06:30:38Z,PASS,PASS,0.11854743957519531,200,
63,2026-10-10T06:30:38Z,PASS,PASS,0.07827186584472656,200,
64,2026-10-10T06:30:38Z,PASS,PASS,0.061383962631225586,200,
65,2026-10-10T06:30:38Z,PASS,PASS,0.06059145927429199,200,
66,2026-10-10T06:30:38Z,PASS,PASS,0.09926342964172363,200,
67,2026-10-10T06:30:38Z,PASS,PASS,0.10170912742614746,200,
68,2026-10-10T06:30:38Z,PASS,PASS,0.0727529525756836,200,
69,2026-10-10T06:30:38Z,PASS,PASS,0.08707737922668457,200,
70,2026-10-10T06:30:39Z,PASS,PASS,0.10619950294494629,200,
71,2026-10-10T06:30:39Z,PASS,PASS,0.10455322265625,200,
72,2026-10-10T06:30:39Z,PASS,PASS,0.09309792518615723,200,
73,2026-10-10T06:30:39Z,PASS,PASS,0.09975695610046387,200,
74,2026-10-10T06:30:39Z,PASS,PASS,0.06793212890625,200,
75,2026-10-10T06:30:39Z,PASS,PASS,0.09692263603210449,200,
76,2026-10-10T06:30:39Z,PASS,PASS,0.09686064720153809,200,
77,2026-10-10T06:30:39Z,PASS,PASS,0.08919429779052734,200,
78,2026-10-10T06:30:39Z,PASS,PASS,0.11566710472106934,200,
79,2026-10-10T06:30:39Z,PASS,PASS,0.08990311622619629,200,
80,2026-10-10T06:30:40Z,PASS,PASS,0.0992121696472168,200,
81,2026-10-10T06:30:40Z,PASS,PASS,0.07521939277648926,200,
82,2026-10-10T06:30:40Z,PASS,PASS,0.06936025619506836,200,
83,2026-10-10T06:30:40Z,PASS,PASS,0.086395263671875,200,
84,2026-10-10T06:30:40Z,PASS,PASS,0.09089827537536621,200,
85,2026-10-10T06:30:40Z,PASS,PASS,0.08938050270080566,200,
86,2026-10-10T06:30:40Z,PASS,PASS,0.08500790596008301,200,
87,2026-10-10T06:30:40Z,PASS,PASS,0.09863042831420898,200,
88,2026-10-10T06:30:40Z,PASS,PASS,0.09573602676391602,200,
89,2026-10-10T06:30:40Z,PASS,PASS,0.057871103286743164,200,
90,2026-10-10T06:30:40Z,PASS,PASS,0.09244036674499512,200,
91,2026-10-10T06:30:40Z,PASS,PASS,0.10251069068908691,200,
92,2026-10-10T06:30:41Z,PASS,PASS,0.09531188011169434,200,
93,2026-10-10T06:30:41Z,PASS,PASS,0.06742191314697266,200,
94,2026-10-10T06:30:41Z,PASS,PASS,0.0838618278503418,200,
95,2026-10-10T06:30:41Z,PASS,PASS,0.08566880226135254,200,
96,2026-10-10T06:30:41Z,PASS,PASS,0.08708620071411133,200,
97,2026-10-10T06:30:41Z,PASS,PASS,0.09546065330505371,200,
98,2026-10-10T06:30:41Z,PASS,PASS,0.07158350944519043,200,
99,2026-10-10T06:30:41Z,PASS,PASS,0.08396744728088379,200,
100,2026-10-10T06:30:41Z,PASS,PASS,0.11632084846496582,200,
101,2026-10-10T06:30:41Z,PASS,PASS,0.0825338363647461,200,
102,2026-10-10T06:30:41Z,PASS,PASS,0.10226321220397949,200,
103,2026-10-10T06:30:42Z,PASS,PASS,0.06528568267822266,200,
104,2026-10-10T06:30:42Z,PASS,PASS,0.09605860710144043,200,
105,2026-10-10T06:30:42Z,PASS,PASS,0.09434318542480469,200,
106,2026-10-10T06:30:42Z,PASS,PASS,0.1059257984161377,200,
107,2026-10-10T06:30:42Z,PASS,PASS,0.08214044570922852,200,
108,2026-10-10T06:30:42Z,PASS,PASS,0.06806254386901855,200,
109,2026-10-10T06:30:42Z,PASS,PASS,0.07375645637512207,200,
110,2026-10-10T06:30:42Z,PASS,PASS,0.07685208320617676,200,
111,2026-10-10T06:30:42Z,PASS,PASS,0.07531213760375977,200,
112,2026-10-10T06:30:42Z,PASS,PASS,0.0768895149230957,200,
113,2026-10-10T06:30:42Z,PASS,PASS,0.06027078628540039,200,
114,2026-10-10T06:30:42Z,PASS,PASS,0.06646394729614258,200,
115,2026-10-10T06:30:42Z,PASS,PASS,0.08376669883728027,200,
116,2026-10-10T06:30:43Z,PASS,PASS,0.07765960693359375,200,
117,2026-10-10T06:30:43Z,PASS,PASS,0.09997940063476562,200,
118,2026-10-10T06:30:43Z,PASS,PASS,0.08572602272033691,200,
119,2026-10-10T06:30:43Z,PASS,PASS,0.06647181510925293,200,
120,2026-10-10T06:30:43Z,PASS,PASS,0.0980982780456543,200,
121,2026-10-10T06:30:43Z,PASS,PASS,0.09224772453308105,200,
122,2026-10-10T06:30:43Z,PASS,PASS,0.05739760398864746,200,
123,2026-10-10T06:30:43Z,PASS,PASS,0.08467555046081543,200,
124,2026-10-10T06:30:43Z,PASS,PASS,0.07551360130310059,200,
125,2026-10-10T06:30:43Z,PASS,PASS,0.08709359169006348,200,
126,2026-10-10T06:30:43Z,PASS,PASS,0.09577322006225586,200,
127,2026-10-10T06:30:43Z,PASS,PASS,0.08461737632751465,200,
128,2026-10-10T06:30:44Z,PASS,PASS,0.09971213340759277,200,
129,2026-10-10T06:30:44Z,PASS,PASS,0.09396624565124512,200,
130,2026-10-10T06:30:44Z,PASS,PASS,0.09428787231445312,200,
131,2026-10-10T06:30:44Z,PASS,PASS,0.08755183219909668,200,
132,2026-10-10T06:30:44Z,PASS,PASS,0.09752273559570312,200,
133,2026-10-10T06:30:44Z,PASS,PASS,0.07694840431213379,200,
134,2026-10-10T06:30:44Z,PASS,PASS,0.09424114227294922,200,
135,2026-10-10T06:30:44Z,PASS,PASS,0.07453465461730957,200,
136,2026-10-10T06:30:44Z,PASS,PASS,0.0736846923828125,200,
137,2026-10-10T06:30:44Z,PASS,PASS,0.1057429313659668,200,
138,2026-10-10T06:30:44Z,PASS,PASS,0.08541488647460938,200,
139,2026-10-10T06:30:45Z,PASS,PASS,0.10583639144897461,200,
140,2026-10-10T06:30:45Z,PASS,PASS,0.08573603630065918,200,
141,2026-10-10T06:30:45Z,PASS,PASS,0.08389759063720703,200,
142,2026-10-10T06:30:45Z,PASS,PASS,0.11105489730834961,200,
143,2026-10-10T06:30:45Z,PASS,PASS,0.09470677375793457,200,
144,2026-10-10T06:30:45Z,PASS,PASS,0.07236790657043457,200,
145,2026-10-10T06:30:45Z,PASS,PASS,0.07441496849060059,200,
146,2026-10-10T06:30:45Z,PASS,PASS,0.09158658981323242,200,
147,2026-10-10T06:30:45Z,PASS,PASS,0.06763958930969238,200,
148,2026-10-10T06:30:45Z,PASS,PASS,0.10332012176513672,200,
149,2026-10-10T06:30:45Z,PASS,PASS,0.08398962020874023,200,
150,2026-10-10T06:30:46Z,PASS,PASS,0.0726017951965332,200,
151,2026-10-10T06:30:46Z,PASS,PASS,0.062186479568481445,200,
152,2026-10-10T06:30:46Z,PASS,PASS,0.09342813491821289,200,
153,2026-10-10T06:30:46Z,PASS,PASS,0.08595013618469238,200,
154,2026-10-10T06:30:46Z,PASS,PASS,0.08858990669250488,200,
155,2026-10-10T06:30:46Z,PASS,PASS,0.10114192962646484,200,
156,2026-10-10T06:30:46Z,PASS,PASS,0.08539986610412598,200,
157,2026-10-10T06:30:46Z,PASS,PASS,0.055490732192993164,200,
158,2026-10-10T06:30:46Z,PASS,PASS,0.0856776237487793,200,
159,2026-10-10T06:30:46Z,PASS,PASS,0.06333637237548828,200,
160,2026-10-10T06:30:46Z,PASS,PASS,0.05376935005187988,200,
161,2026-10-10T06:30:46Z,PASS,PASS,0.05525946617126465,200,
162,2026-10-10T06:30:46Z,PASS,PASS,0.0789790153503418,200,
163,2026-10-10T06:30:46Z,PASS,PASS,0.06938290596008301,200,
164,2026-10-10T06:30:47Z,PASS,PASS,0.09492063522338867,200,
165,2026-10-10T06:30:47Z,PASS,PASS,0.0898284912109375,200,
166,2026-10-10T06:30:47Z,PASS,PASS,0.06530904769897461,200,
167,2026-10-10T06:30:47Z,PASS,PASS,0.07254767417907715,200,
168,2026-10-10T06:30:47Z,PASS,PASS,0.08130741119384766,200,
169,2026-10-10T06:30:47Z,PASS,PASS,0.09320974349975586,200,
170,2026-10-10T06:30:47Z,PASS,PASS,0.08066368103027344,200,
171,2026-10-10T06:30:47Z,PASS,PASS,0.08692812919616699,200,
172,2026-10-10T06:30:47Z,PASS,PASS,0.06499552726745605,200,
173,2026-10-10T06:30:47Z,PASS,PASS,0.1009378433227539,200,
174,2026-10-10T06:30:47Z,PASS,PASS,0.0755312442779541,200,
175,2026-10-10T06:30:47Z,PASS,PASS,0.05641365051269531,200,
176,2026-10-10T06:30:48Z,PASS,PASS,0.09957385063171387,200,
177,2026-10-10T06:30:48Z,PASS,PASS,0.06990718841552734,200,
178,2026-10-10T06:30:48Z,PASS,PASS,0.07403135299682617,200,
179,2026-10-10T06:30:48Z,PASS,PASS,0.06106209754943848,200,
180,2026-10-10T06:30:48Z,PASS,PASS,0.08569121360778809,200,
181,2026-10-10T06:30:48Z,PASS,PASS,0.08571147918701172,200,
182,2026-10-10T06:30:48Z,PASS,PASS,0.09488797187805176,200,
183,2026-10-10T06:30:48Z,PASS,PASS,0.08583498001098633,200,
184,2026-10-10T06:30:48Z,PASS,PASS,0.07208943367004395,200,
185,2026-10-10T06:30:48Z,PASS,PASS,0.06618022918701172,200,
186,2026-10-10T06:30:48Z,PASS,PASS,0.08032560348510742,200,
187,2026-10-10T06:30:48Z,PASS,PASS,0.060686349868774414,200,
188,2026-10-10T06:30:48Z,PASS,PASS,0.07399106025695801,200,
189,2026-10-10T06:30:49Z,PASS,PASS,0.06930255889892578,200,
190,2026-10-10T06:30:49Z,PASS,PASS,0.07994723320007324,200,
191,2026-10-10T06:30:49Z,PASS,PASS,0.06785917282104492,200,
192,2026-10-10T06:30:49Z,PASS,PASS,0.08421635627746582,200,
193,2026-10-10T06:30:49Z,PASS,PASS,0.09784531593322754,200,
194,2026-10-10T06:30:49Z,PASS,PASS,0.09722709655761719,200,
195,2026-10-10T06:30:49Z,PASS,PASS,0.07134294509887695,200,
196,2026-10-10T06:30:49Z,PASS,PASS,0.07711410522460938,200,
197,2026-10-10T06:30:49Z,PASS,PASS,0.06656718254089355,200,
198,2026-10-10T06:30:49Z,PASS,PASS,0.10046625137329102,200,
199,2026-10-10T06:30:49Z,PASS,PASS,0.09704470634460449,200,
200,2026-10-10T06:30:49Z,PASS,PASS,0.0994269847869873,200,
201,2026-10-10T06:30:50Z,PASS,PASS,0.05641603469848633,200,
202,2026-10-10T06:30:50Z,PASS,PASS,0.05810856819152832,200,
203,2026-10-10T06:30:50Z,PASS,PASS,0.0711669921875,200,
204,2026-10-10T06:30:50Z,PASS,PASS,0.07331371307373047,200,
205,2026-10-10T06:30:50Z,PASS,PASS,0.04907345771789551,200,
206,2026-10-10T06:30:50Z,PASS,PASS,0.06325387954711914,200,
207,2026-10-10T06:30:50Z,PASS,PASS,0.04638957977294922,200,
208,2026-10-10T06:30:50Z,PASS,PASS,0.05103802680969238,200,
209,2026-10-10T06:30:50Z,PASS,PASS,0.04485726356506348,200,
210,2026-10-10T06:30:50Z,PASS,PASS,0.043575286865234375,200,
211,2026-10-10T06:30:50Z,PASS,PASS,0.041165828704833984,200,
212,2026-10-10T06:30:50Z,PASS,PASS,0.061957597732543945,200,
213,2026-10-10T06:30:50Z,PASS,PASS,0.044745683670043945,200,
214,2026-10-10T06:30:50Z,PASS,PASS,0.06811833381652832,200,
215,2026-10-10T06:30:50Z,PASS,PASS,0.056830406188964844,200,
216,2026-10-10T06:30:50Z,PASS,PASS,0.07092714309692383,200,
217,2026-10-10T06:30:50Z,PASS,PASS,0.08819389343261719,200,
218,2026-10-10T06:30:51Z,PASS,PASS,0.07575511932373047,200,
219,2026-10-10T06:30:51Z,PASS,PASS,0.05802774429321289,200,
220,2026-10-10T06:30:51Z,PASS,PASS,0.054704904556274414,200,
221,2026-10-10T06:30:51Z,PASS,PASS,0.10129547119140625,200,
222,2026-10-10T06:30:51Z,PASS,PASS,0.09832262992858887,200,
223,2026-10-10T06:30:51Z,PASS,PASS,0.08986687660217285,200,
224,2026-10-10T06:30:51Z,PASS,PASS,0.06277704238891602,200,
225,2026-10-10T06:30:51Z,PASS,PASS,0.06423664093017578,200,
226,2026-10-10T06:30:51Z,PASS,PASS,0.0725092887878418,200,
227,2026-10-10T06:30:51Z,PASS,PASS,0.044470787048339844,200,
228,2026-10-10T06:30:51Z,PASS,PASS,0.04211759567260742,200,
229,2026-10-10T06:30:51Z,PASS,PASS,0.06770157814025879,200,
230,2026-10-10T06:30:51Z,PASS,PASS,0.06913304328918457,200,
231,2026-10-10T06:30:51Z,PASS,PASS,0.06267046928405762,200,
232,2026-10-10T06:30:52Z,PASS,PASS,0.047325849533081055,200,
233,2026-10-10T06:30:52Z,PASS,PASS,0.06169939041137695,200,
234,2026-10-10T06:30:52Z,PASS,PASS,0.0480961799621582,200,
235,2026-10-10T06:30:52Z,PASS,PASS,0.04391932487487793,200,
236,2026-10-10T06:30:52Z,PASS,PASS,0.04529428482055664,200,
237,2026-10-10T06:30:52Z,PASS,PASS,0.05909585952758789,200,
238,2026-10-10T06:30:52Z,PASS,PASS,0.04770517349243164,200,
239,2026-10-10T06:30:52Z,PASS,PASS,0.045787811279296875,200,
240,2026-10-10T06:30:52Z,PASS,PASS,0.0764169692993164,200,
241,2026-10-10T06:30:52Z,PASS,PASS,0.09067726135253906,200,
242,2026-10-10T06:30:52Z,PASS,PASS,0.07047629356384277,200,
243,2026-10-10T06:30:52Z,PASS,PASS,0.07735610008239746,200,
244,2026-10-10T06:30:52Z,PASS,PASS,0.0701136589050293,200,
245,2026-10-10T06:30:52Z,PASS,PASS,0.09064388275146484,200,
246,2026-10-10T06:30:52Z,PASS,PASS,0.07423114776611328,200,
247,2026-10-10T06:30:52Z,PASS,PASS,0.055938720703125,200,
248,2026-10-10T06:30:53Z,PASS,PASS,0.05234479904174805,200,
249,2026-10-10T06:30:53Z,PASS,PASS,0.06272363662719727,200,
250,2026-10-10T06:30:53Z,PASS,PASS,0.0714120864868164,200,
251,2026-10-10T06:30:53Z,PASS,PASS,0.05099034309387207,200,
252,2026-10-10T06:30:53Z,PASS,PASS,0.08730745315551758,200,
253,2026-10-10T06:30:53Z,PASS,PASS,0.07105827331542969,200,
254,2026-10-10T06:30:53Z,PASS,PASS,0.11174321174621582,200,
255,2026-10-10T06:30:53Z,PASS,PASS,0.09366893768310547,200,
256,2026-10-10T06:30:53Z,PASS,PASS,0.06374430656433105,200,
257,2026-10-10T06:30:53Z,PASS,PASS,0.08292627334594727,200,
258,2026-10-10T06:30:53Z,PASS,PASS,0.07528495788574219,200,
259,2026-10-10T06:30:53Z,PASS,PASS,0.0948183536529541,200,
260,2026-10-10T06:30:53Z,PASS,PASS,0.07760500907897949,200,
261,2026-10-10T06:30:54Z,PASS,PASS,0.07590436935424805,200,
262,2026-10-10T06:30:54Z,PASS,PASS,0.08298015594482422,200,
263,2026-10-10T06:30:54Z,PASS,PASS,0.05109906196594238,200,
264,2026-10-10T06:30:54Z,PASS,PASS,0.10310029983520508,200,
265,2026-10-10T06:30:54Z,PASS,PASS,0.07148551940917969,200,
266,2026-10-10T06:30:54Z,PASS,PASS,0.0968785285949707,200,
267,2026-10-10T06:30:54Z,PASS,PASS,0.06117057800292969,200,
268,2026-10-10T06:30:54Z,PASS,PASS,0.08353447914123535,200,
269,2026-10-10T06:30:54Z,PASS,PASS,0.062308311462402344,200,
270,2026-10-10T06:30:54Z,PASS,PASS,0.052066802978515625,200,
271,2026-10-10T06:30:54Z,PASS,PASS,0.054642438888549805,200,
272,2026-10-10T06:30:54Z,PASS,PASS,0.07528924942016602,200,
273,2026-10-10T06:30:54Z,PASS,PASS,0.0517420768737793,200,
274,2026-10-10T06:30:54Z,PASS,PASS,0.06685733795166016,200,
275,2026-10-10T06:30:54Z,PASS,PASS,0.09797215461730957,200,
276,2026-10-10T06:30:55Z,PASS,PASS,0.0519864559173584,200,
277,2026-10-10T06:30:55Z,PASS,PASS,0.08142590522766113,200,
278,2026-10-10T06:30:55Z,PASS,PASS,0.05533957481384277,200,
279,2026-10-10T06:30:55Z,PASS,PASS,0.08062148094177246,200,
280,2026-10-10T06:30:55Z,PASS,PASS,0.07402825355529785,200,
281,2026-10-10T06:30:55Z,PASS,PASS,0.054085493087768555,200,
282,2026-10-10T06:30:55Z,PASS,PASS,0.0687096118927002,200,
283,2026-10-10T06:30:55Z,PASS,PASS,0.07106471061706543,200,
284,2026-10-10T06:30:55Z,PASS,PASS,0.09395790100097656,200,
285,2026-10-10T06:30:55Z,PASS,PASS,0.07525396347045898,200,
286,2026-10-10T06:30:55Z,PASS,PASS,0.06529426574707031,200,
287,2026-10-10T06:30:55Z,PASS,PASS,0.0642538070678711,200,
288,2026-10-10T06:30:55Z,PASS,PASS,0.08434271812438965,200,
289,2026-10-10T06:30:56Z,PASS,PASS,0.08176374435424805,200,
290,2026-10-10T06:30:56Z,PASS,PASS,0.0697336196899414,200,
291,2026-10-10T06:30:56Z,PASS,PASS,0.08284854888916016,200,
292,2026-10-10T06:30:56Z,PASS,PASS,0.08356189727783203,200,
293,2026-10-10T06:30:56Z,PASS,PASS,0.08269000053405762,200,
294,2026-10-10T06:30:56Z,PASS,PASS,0.07430815696716309,200,
295,2026-10-10T06:30:56Z,PASS,PASS,0.07081866264343262,200,
296,2026-10-10T06:30:56Z,PASS,PASS,0.11101937294006348,200,
297,2026-10-10T06:30:56Z,PASS,PASS,0.1566476821899414,200,
298,2026-10-10T06:30:56Z,PASS,PASS,0.14320039749145508,200,
299,2026-10-10T06:30:56Z,PASS,PASS,0.14377522468566895,200,
300,2026-10-10T06:30:57Z,PASS,PASS,0.1529526710510254,200,
301,2026-10-10T06:30:57Z,PASS,PASS,0.1433708667755127,200,
302,2026-10-10T06:30:57Z,PASS,PASS,0.12823772430419922,200,
303,2026-10-10T06:30:57Z,PASS,PASS,0.1905229091644287,200,
304,2026-10-10T06:30:57Z,PASS,PASS,0.15399456024169922,200,
305,2026-10-10T06:30:57Z,PASS,PASS,0.13758587837219238,200,
306,2026-10-10T06:30:58Z,PASS,PASS,0.14591765403747559,200,
307,2026-10-10T06:30:58Z,PASS,PASS,0.1864767074584961,200,
308,2026-10-10T06:30:58Z,PASS,PASS,0.12963199615478516,200,
309,2026-10-10T06:30:58Z,PASS,PASS,0.16927146911621094,200,
310,2026-10-10T06:30:58Z,PASS,PASS,0.16045045852661133,200,
311,2026-10-10T06:30:58Z,PASS,PASS,0.16661334037780762,200,
312,2026-10-10T06:30:58Z,PASS,PASS,0.15974712371826172,200,
313,2026-10-10T06:30:59Z,PASS,PASS,0.13185882568359375,200,
314,2026-10-10T06:30:59Z,PASS,PASS,0.16700172424316406,200,
315,2026-10-10T06:30:59Z,PASS,PASS,0.13743042945861816,200,
316,2026-10-10T06:30:59Z,PASS,PASS,0.15038490295410156,200,
317,2026-10-10T06:30:59Z,PASS,PASS,0.1285552978515625,200,
318,2026-10-10T06:30:59Z,PASS,PASS,0.14749383926391602,200,
319,2026-10-10T06:30:59Z,PASS,PASS,0.17252182960510254,200,
320,2026-10-10T06:31:00Z,PASS,PASS,0.13832616806030273,200,
321,2026-10-10T06:31:00Z,PASS,PASS,0.2274923324584961,200,
322,2026-10-10T06:31:00Z,PASS,PASS,0.20261788368225098,200,
323,2026-10-10T06:31:00Z,PASS,PASS,0.14764809608459473,200,
324,2026-10-10T06:31:00Z,PASS,PASS,0.11711645126342773,200,
325,2026-10-10T06:31:01Z,PASS,PASS,0.13340401649475098,200,
326,2026-10-10T06:31:01Z,PASS,PASS,0.13928580284118652,200,
327,2026-10-10T06:31:01Z,PASS,PASS,0.2074885368347168,200,
328,2026-10-10T06:31:01Z,PASS,PASS,0.160689115524292,200,
329,2026-10-10T06:31:01Z,PASS,PASS,0.1372063159942627,200,
330,2026-10-10T06:31:01Z,PASS,PASS,0.11678791046142578,200,
331,2026-10-10T06:31:01Z,PASS,PASS,0.12691640853881836,200,
332,2026-10-10T06:31:02Z,PASS,PASS,0.17575955390930176,200,
333,2026-10-10T06:31:02Z,PASS,PASS,0.16693878173828125,200,
334,2026-10-10T06:31:02Z,PASS,PASS,0.16669583320617676,200,
335,2026-10-10T06:31:02Z,PASS,PASS,0.15805912017822266,200,
336,2026-10-10T06:31:02Z,PASS,PASS,0.21500706672668457,200,
337,2026-10-10T06:31:02Z,PASS,PASS,0.18421483039855957,200,
338,2026-10-10T06:31:03Z,PASS,PASS,0.25368404388427734,200,
339,2026-10-10T06:31:03Z,PASS,PASS,0.20606517791748047,200,
340,2026-10-10T06:31:03Z,PASS,PASS,0.2385873794555664,200,
341,2026-10-10T06:31:03Z,PASS,PASS,0.15978074073791504,200,
342,2026-10-10T06:31:03Z,PASS,PASS,0.12881994247436523,200,
343,2026-10-10T06:31:04Z,PASS,PASS,0.1975388526916504,200,
344,2026-10-10T06:31:04Z,PASS,PASS,0.1678307056427002,200,
345,2026-10-10T06:31:04Z,PASS,PASS,0.20688819885253906,200,
346,2026-10-10T06:31:04Z,PASS,PASS,0.16251897811889648,200,
347,2026-10-10T06:31:04Z,PASS,PASS,0.13933658599853516,200,
348,2026-10-10T06:31:04Z,PASS,PASS,0.12872958183288574,200,
349,2026-10-10T06:31:05Z,PASS,PASS,0.14317560195922852,200,
350,2026-10-10T06:31:05Z,PASS,PASS,0.1286938190460205,200,
351,2026-10-10T06:31:05Z,PASS,PASS,0.1736009120941162,200,
352,2026-10-10T06:31:05Z,PASS,PASS,0.16430068016052246,200,
353,2026-10-10T06:31:05Z,PASS,PASS,0.21203899383544922,200,
354,2026-10-10T06:31:05Z,PASS,PASS,0.13446712493896484,200,
355,2026-10-10T06:31:06Z,PASS,PASS,0.27927327156066895,200,
356,2026-10-10T06:31:06Z,PASS,PASS,0.3891620635986328,200,
357,2026-10-10T06:31:06Z,PASS,PASS,0.25283098220825195,200,
358,2026-10-10T06:31:06Z,PASS,PASS,0.43312811851501465,200,
359,2026-10-10T06:31:07Z,PASS,PASS,0.26271772384643555,200,
360,2026-10-10T06:31:07Z,PASS,PASS,0.2278883457183838,200,
361,2026-10-10T06:31:07Z,PASS,PASS,0.17952656745910645,200,
362,2026-10-10T06:31:08Z,PASS,PASS,0.27117371559143066,200,
363,2026-10-10T06:31:08Z,PASS,PASS,0.20392656326293945,200,
364,2026-10-10T06:31:08Z,PASS,PASS,0.21925997734069824,200,
365,2026-10-10T06:31:08Z,PASS,PASS,0.22757625579833984,200,
366,2026-10-10T06:31:08Z,PASS,PASS,0.19293594360351562,200,
367,2026-10-10T06:31:09Z,PASS,PASS,0.17294645309448242,200,
368,2026-10-10T06:31:09Z,PASS,PASS,0.18675708770751953,200,
369,2026-10-10T06:31:09Z,PASS,PASS,0.1678762435913086,200,
370,2026-10-10T06:31:09Z,PASS,PASS,0.1684105396270752,200,
371,2026-10-10T06:31:09Z,PASS,PASS,0.20703554153442383,200,
372,2026-10-10T06:31:10Z,PASS,PASS,0.19179201126098633,200,
373,2026-10-10T06:31:10Z,PASS,PASS,0.16013360023498535,200,
374,2026-10-10T06:31:10Z,PASS,PASS,0.1737825870513916,200,
375,2026-10-10T06:31:10Z,PASS,PASS,0.18178558349609375,200,
376,2026-10-10T06:31:10Z,PASS,PASS,0.16957378387451172,200,
377,2026-10-10T06:31:10Z,PASS,PASS,0.16210103034973145,200,
378,2026-10-10T06:31:11Z,PASS,PASS,0.16600728034973145,200,
379,2026-10-10T06:31:11Z,PASS,PASS,0.1558680534362793,200,
380,2026-10-10T06:31:11Z,PASS,PASS,0.17192459106445312,200,
381,2026-10-10T06:31:11Z,PASS,PASS,0.17403793334960938,200,
382,2026-10-10T06:31:11Z,PASS,PASS,0.16776466369628906,200,
383,2026-10-10T06:31:11Z,PASS,PASS,0.15707874298095703,200,
384,2026-10-10T06:31:12Z,PASS,PASS,0.17734408378601074,200,
385,2026-10-10T06:31:12Z,PASS,PASS,0.15371108055114746,200,
386,2026-10-10T06:31:12Z,PASS,PASS,0.14693593978881836,200,
387,2026-10-10T06:31:12Z,PASS,PASS,0.18711471557617188,200,
388,2026-10-10T06:31:12Z,PASS,PASS,0.18827342987060547,200,
389,2026-10-10T06:31:12Z,PASS,PASS,0.15848803520202637,200,
390,2026-10-10T06:31:13Z,PASS,PASS,0.18775129318237305,200,
391,2026-10-10T06:31:13Z,PASS,PASS,0.1883704662322998,200,
392,2026-10-10T06:31:13Z,PASS,PASS,0.20063018798828125,200,
393,2026-10-10T06:31:13Z,PASS,PASS,0.15323257446289062,200,
394,2026-10-10T06:31:13Z,PASS,PASS,0.1351306438446045,200,
395,2026-10-10T06:31:13Z,PASS,PASS,0.13634967803955078,200,
396,2026-10-10T06:31:14Z,PASS,PASS,0.10023331642150879,200,
397,2026-10-10T06:31:14Z,PASS,PASS,0.11972856521606445,200,
398,2026-10-10T06:31:14Z,PASS,PASS,0.10067892074584961,200,
399,2026-10-10T06:31:14Z,PASS,PASS,0.14476704597473145,200,
400,2026-10-10T06:31:14Z,PASS,PASS,0.15467262268066406,200,
401,2026-10-10T06:31:14Z,PASS,PASS,0.09478926658630371,200,
402,2026-10-10T06:31:14Z,PASS,PASS,0.11870098114013672,200,
403,2026-10-10T06:31:14Z,PASS,PASS,0.12070631980895996,200,
404,2026-10-10T06:31:15Z,PASS,PASS,0.13579463958740234,200,
405,2026-10-10T06:31:15Z,PASS,PASS,0.16214752197265625,200,
406,2026-10-10T06:31:15Z,PASS,PASS,0.19633722305297852,200,
407,2026-10-10T06:31:15Z,PASS,PASS,0.18220019340515137,200,
408,2026-10-10T06:31:15Z,PASS,PASS,0.14278817176818848,200,
409,2026-10-10T06:31:15Z,PASS,PASS,0.14333057403564453,200,
410,2026-10-10T06:31:16Z,PASS,PASS,0.1293468475341797,200,
411,2026-10-10T06:31:16Z,PASS,PASS,0.1824944019317627,200,
412,2026-10-10T06:31:16Z,PASS,PASS,0.14759469032287598,200,
413,2026-10-10T06:31:16Z,PASS,PASS,0.42998337745666504,200,
414,2026-10-10T06:31:16Z,PASS,PASS,0.22370481491088867,200,
415,2026-10-10T06:31:17Z,PASS,PASS,0.3135819435119629,200,
416,2026-10-10T06:31:17Z,PASS,PASS,0.3879275321960449,200,
417,2026-10-10T06:31:17Z,PASS,PASS,0.22884154319763184,200,
418,2026-10-10T06:31:18Z,PASS,PASS,0.15976858139038086,200,
419,2026-10-10T06:31:18Z,PASS,PASS,0.16749882698059082,200,
420,2026-10-10T06:31:18Z,PASS,PASS,0.13393449783325195,200,
421,2026-10-10T06:31:18Z,PASS,PASS,0.2482128143310547,200,
422,2026-10-10T06:31:18Z,PASS,PASS,0.1743462085723877,200,
423,2026-10-10T06:31:18Z,PASS,PASS,0.14093661308288574,200,
424,2026-10-10T06:31:19Z,PASS,PASS,0.131455659866333,200,
425,2026-10-10T06:31:19Z,PASS,PASS,0.15119671821594238,200,
426,2026-10-10T06:31:19Z,PASS,PASS,0.20012140274047852,200,
427,2026-10-10T06:31:19Z,PASS,PASS,0.20248961448669434,200,
428,2026-10-10T06:31:19Z,PASS,PASS,0.1773684024810791,200,
429,2026-10-10T06:31:19Z,PASS,PASS,0.15420150756835938,200,
430,2026-10-10T06:31:20Z,PASS,PASS,0.20365405082702637,200,
431,2026-10-10T06:31:20Z,PASS,PASS,0.15956473350524902,200,
432,2026-10-10T06:31:20Z,PASS,PASS,0.2205054759979248,200,
433,2026-10-10T06:31:20Z,PASS,PASS,0.4935123920440674,200,
434,2026-10-10T06:31:21Z,PASS,PASS,0.2649405002593994,200,
435,2026-10-10T06:31:21Z,PASS,PASS,0.24603962898254395,200,
436,2026-10-10T06:31:21Z,PASS,PASS,0.16302943229675293,200,
437,2026-10-10T06:31:21Z,PASS,PASS,0.19694924354553223,200,
438,2026-10-10T06:31:22Z,PASS,PASS,0.15570902824401855,200,
439,2026-10-10T06:31:22Z,PASS,PASS,0.1944596767425537,200,
440,2026-10-10T06:31:22Z,PASS,PASS,0.13955163955688477,200,
441,2026-10-10T06:31:22Z,PASS,PASS,0.1690199375152588,200,
442,2026-10-10T06:31:22Z,PASS,PASS,0.1912364959716797,200,
443,2026-10-10T06:31:22Z,PASS,PASS,0.15172052383422852,200,
444,2026-10-10T06:31:23Z,PASS,PASS,0.144545316696167,200,
445,2026-10-10T06:31:23Z,PASS,PASS,0.1573786735534668,200,
446,2026-10-10T06:31:23Z,PASS,PASS,0.138885498046875,200,
447,2026-10-10T06:31:23Z,PASS,PASS,0.2471911907196045,200,
448,2026-10-10T06:31:23Z,PASS,PASS,0.1873164176940918,200,
449,2026-10-10T06:31:23Z,PASS,PASS,0.18240618705749512,200,
450,2026-10-10T06:31:24Z,PASS,PASS,0.16112494468688965,200,
451,2026-10-10T06:31:24Z,PASS,PASS,0.16537117958068848,200,
452,2026-10-10T06:31:24Z,PASS,PASS,0.17373085021972656,200,
453,2026-10-10T06:31:24Z,PASS,PASS,0.1495816707611084,200,
454,2026-10-10T06:31:24Z,PASS,PASS,0.1474776268005371,200,
455,2026-10-10T06:31:24Z,PASS,PASS,0.12473487854003906,200,
456,2026-10-10T06:31:25Z,PASS,PASS,0.14612102508544922,200,
457,2026-10-10T06:31:25Z,PASS,PASS,0.1826167106628418,200,
458,2026-10-10T06:31:25Z,PASS,PASS,0.1757965087890625,200,
459,2026-10-10T06:31:25Z,PASS,PASS,0.16063356399536133,200,
460,2026-10-10T06:31:25Z,PASS,PASS,0.16376090049743652,200,
461,2026-10-10T06:31:25Z,PASS,PASS,0.12815356254577637,200,
462,2026-10-10T06:31:26Z,PASS,PASS,0.1485295295715332,200,
463,2026-10-10T06:31:26Z,PASS,PASS,0.14366817474365234,200,
464,2026-10-10T06:31:26Z,PASS,PASS,0.17476606369018555,200,
465,2026-10-10T06:31:26Z,PASS,PASS,0.16324567794799805,200,
466,2026-10-10T06:31:26Z,PASS,PASS,0.1937098503112793,200,
467,2026-10-10T06:31:26Z,PASS,PASS,0.15197443962097168,200,
468,2026-10-10T06:31:26Z,PASS,PASS,0.15998435020446777,200,
469,2026-10-10T06:31:27Z,PASS,PASS,0.13186025619506836,200,
470,2026-10-10T06:31:27Z,PASS,PASS,0.13855648040771484,200,
471,2026-10-10T06:31:27Z,PASS,PASS,0.12982797622680664,200,
472,2026-10-10T06:31:27Z,PASS,PASS,0.1799335479736328,200,
473,2026-10-10T06:31:27Z,PASS,PASS,0.17849373817443848,200,
474,2026-10-10T06:31:27Z,PASS,PASS,0.15669894218444824,200,
475,2026-10-10T06:31:28Z,PASS,PASS,0.14804744720458984,200,
476,2026-10-10T06:31:28Z,PASS,PASS,0.14592313766479492,200,
477,2026-10-10T06:31:28Z,PASS,PASS,0.19686484336853027,200,
478,2026-10-10T06:31:28Z,PASS,PASS,0.14345455169677734,200,
479,2026-10-10T06:31:28Z,PASS,PASS,0.16060805320739746,200,
480,2026-10-10T06:31:28Z,PASS,PASS,0.2150111198425293,200,
481,2026-10-10T06:31:29Z,PASS,PASS,0.19444608688354492,200,
482,2026-10-10T06:31:29Z,PASS,PASS,0.2732577323913574,200,
483,2026-10-10T06:31:29Z,PASS,PASS,0.21781110763549805,200,
484,2026-10-10T06:31:29Z,PASS,PASS,0.12786364555358887,200,
485,2026-10-10T06:31:29Z,PASS,PASS,0.1614222526550293,200,
486,2026-10-10T06:31:30Z,PASS,PASS,0.13134503364562988,200,
487,2026-10-10T06:31:30Z,PASS,PASS,0.13274002075195312,200,
488,2026-10-10T06:31:30Z,PASS,PASS,0.11652803421020508,200,
489,2026-10-10T06:31:30Z,PASS,PASS,0.1551647186279297,200,
490,2026-10-10T06:31:30Z,PASS,PASS,0.12916064262390137,200,
491,2026-10-10T06:31:30Z,PASS,PASS,0.12945222854614258,200,
492,2026-10-10T06:31:30Z,PASS,PASS,0.11183047294616699,200,
493,2026-10-10T06:31:30Z,PASS,PASS,0.11737346649169922,200,
494,2026-10-10T06:31:31Z,PASS,PASS,0.12039995193481445,200,
495,2026-10-10T06:31:31Z,PASS,PASS,0.14406466484069824,200,
496,2026-10-10T06:31:31Z,PASS,PASS,0.13948607444763184,200,
497,2026-10-10T06:31:31Z,PASS,PASS,0.1461930274963379,200,
498,2026-10-10T06:31:31Z,PASS,PASS,0.15180182456970215,200,
499,2026-10-10T06:31:31Z,PASS,PASS,0.12634539604187012,200,
500,2026-10-10T06:31:31Z,PASS,PASS,0.12762236595153809,200,
